{"cameraMode":{"drawMode":0,"name":"Shaded","section":"Shading Mode"},"sceneLighting":false,"audioPlay":false,"sceneViewState":{"m_AlwaysRefresh":false,"showFog":true,"showSkybox":false,"showFlares":true,"showImageEffects":true,"showParticleSystems":true,"showVisualEffectGraphs":true,"m_FxEnabled":true},"in2DMode":false,"pivot":{"x":0.040804266929626468,"y":0.15658415853977204,"z":0.011227428913116455},"rotation":{"x":0.09021281450986862,"y":-0.8668518662452698,"z":0.16984505951404572,"w":0.46022769808769228},"size":0.14498072862625123,"orthographic":false}