{"cameraMode":{"drawMode":0,"name":"Shaded","section":"Shading Mode"},"sceneLighting":false,"audioPlay":false,"sceneViewState":{"m_AlwaysRefresh":false,"showFog":true,"showSkybox":false,"showFlares":true,"showImageEffects":true,"showParticleSystems":true,"showVisualEffectGraphs":true,"m_FxEnabled":true},"in2DMode":false,"pivot":{"x":1.2754894495010377,"y":1.8276734352111817,"z":-5.182122230529785},"rotation":{"x":-0.07872401922941208,"y":0.1314949244260788,"z":-0.010473630391061306,"w":-0.9881454706192017},"size":0.4216190278530121,"orthographic":false}