{"cameraMode":{"drawMode":0,"name":"Shaded","section":"Shading Mode"},"sceneLighting":false,"audioPlay":false,"sceneViewState":{"m_AlwaysRefresh":false,"showFog":false,"showSkybox":false,"showFlares":false,"showImageEffects":false,"showParticleSystems":false,"showVisualEffectGraphs":true,"m_FxEnabled":true},"in2DMode":false,"pivot":{"x":-0.03228718042373657,"y":1.087454080581665,"z":0.12876534461975099},"rotation":{"x":-0.005817788653075695,"y":0.9909753203392029,"z":-0.12583965063095094,"w":-0.04581429436802864},"size":2.2667860984802248,"orthographic":false}