{"cameraMode":{"drawMode":0,"name":"Shaded","section":"Shading Mode"},"sceneLighting":false,"audioPlay":false,"sceneViewState":{"m_AlwaysRefresh":false,"showFog":true,"showSkybox":false,"showFlares":true,"showImageEffects":true,"showParticleSystems":true,"showVisualEffectGraphs":true,"m_FxEnabled":true},"in2DMode":false,"pivot":{"x":0.32187050580978396,"y":0.031870048493146899,"z":1.7269999980926514},"rotation":{"x":0.17730379104614259,"y":-0.46252426505088808,"z":0.09496882557868958,"w":0.8635860085487366},"size":0.2653863728046417,"orthographic":false}